Comentários,Document Title,Authors,Publication Year,Abstract,PDF Link,Author Keywords,IEEE Terms,Count,Document Identifier,,Dados Utilizados,Técnicas Empregadas,Tipo de Trabalho,Contribuição de Trabalho
2,A data mining approach for preventing undergraduate students retention,Hadautho Roberto Barros da Silva; Paulo Jorge Leitão Adeodato,2012,"The Brazilian government has invested funds via the REUNI program to increase the amount of places in public universities. It has also made another important attempt to increase the number of places by approving regulations to legalize the release of the places occupied by retained students for new students. According to these regulations' retention criteria, there were around 50% of places retained by these students. This Article presents a data mining approach for assessing the risk of undergraduate student retention at the end of the second semester of course aiming at supporting the counseling of students to prevent their retention. The approach has been developed for the Federal University of Pernambuco, focusing on 6 of its major courses which involved data transformation from a database of over 400,000 subjects records, the application of logistic regression for risk assessment, and induction of rules for explaining that risk at the counseling process. The risk estimation solution reached Max_KS=0.51 and AUC_ROC=0.84 in performance. Three scenarios of 30%, 50% and 70% of efficacy in the counseling process show that the procedure should be implemented and is economically viable with decision threshold and return of investment varying according to that efficacy.",https://ieeexplore.ieee.org/stamp/stamp.jsp?arnumber=6252437,student retention;student evasion;data mining;logistic regression;a priori,Educational institutions;Data mining;Logistics;Employee welfare;Databases;Training,,IEEE Conferences,,Ensino Superior,Logistic Regression,Avaliação,Modelo
O foco principal é a predição da evasão universitária fazendo um comparativo entre os modelos (dentre eles Regressão Logística),A data science approach to Predict the University Students at risk of semester dropout: Bangladeshi University Perspective,M. A. Rafiq; A. M. Rabbi; R. Ahammad,2021,"In Bangladeshi institutions, the likelihood of student semester dropout has increased in recent years. A large number of university students, particularly in science background disciplines, are enrolled in a variety of undergraduate courses. Nevertheless, the perfection rate is poor. In general, students drop out for a variety of reasons, including academic, family, personal, and political concerns. The main focus of this study is to predict the risk of semester dropout in Bangladesh so that the massive dropout can be stopped. In this research, the current student information is preprocessed to discover the major reason as well as students whoever at the threat of semester dropout will help to grow a new structure in the area of higher education. To predict the dropout risk, random forest and logistic regression were practiced for obtaining the detection model.",https://ieeexplore.ieee.org/stamp/stamp.jsp?arnumber=9453067,Machine learning;random forest;logistic regression;dropout prediction;data science;data mining,Education;Forestry;Predictive models;Data science;Market research;Data mining;Informatics,2,IEEE Conferences,,"Ensino Superior, Socioeconômicos","Random Forest, Logistic Regression",Avaliação,Modelo
1,A Review of IA Use in Education Analysis,J. K. Magalhães dos Santos; H. O. da Rocha; E. M. Rodrigues Okamura; V. A. Araujo Dias; L. H. Pessoa de Melo; G. B. Oliveira Viana; V. C. Rodrigues; D. A. da Silva,2023,"Higher education evasion is a problem that is present worldwide, and that has many consequences to the society as a whole. So, given the importance of this problem, a lot of literature, in the areas of computer science, psychology and statistics, was produced with the intention of predicting and trying to mitigate dropout rates in higher education. Aiming to address this problem this work makes an analysis of the literature about the topic and produce a statistical analysis of a dataset provided by INEP (National Institute of Educational Studies and Research Anísio Teixeira) that brings indicators of dropout of undergraduate courses from universities in Brazil, and a comparison was made with specific data from engineering courses at UNB using two machine learning methods: neural networks and regression. Observing the results of the model made, they show that the model could not surpass the models in the literature, however the analysis carried out revealed interesting data on dropout rates in Brazilian higher education and it is also noticed that dropout increased considerably in the pandemic period. In view of this, predictive models are very useful methods for identifying students at risk of dropout",https://ieeexplore.ieee.org/stamp/stamp.jsp?arnumber=10344527,Prediction;Students;Dropout;University,Analytical models;Statistical analysis;Pandemics;Education;Neural networks;Psychology;Machine learning;Predictive models;Data models;Power systems,,IEEE Conferences,,Ensino Superior,Neural Network,Avaliação,Modelo
O foco principal é a predição da evasão universitária fazendo um comparativo entre os modelos (dentre eles Regressão Logística e Redes Neurais),A Simple Framework for Predicting Student Dropout Analysis Using Data Mining Algorithms,E. Balraj; P. Manikandan; P. Sakthivel,2025,"Dropout is an essential concern in the educational sector with implications for students as well as the institutions. This paper proposed a predictive model that uses machine learning techniques to identify at-risk students for dropout. Four years of data were used for 270 students on an online LMS by using different models such as Logistic Regression, Decision Tree, Naive Bayes, SVM, Random Forest, and ANN. The key features like LMS access, grades, and performance of assignments were evaluated after the data preprocessing involved cleaning and one-hot encoding. AUC measures were used for evaluating the performance of the model. Naive Bayes turned out to be the most effective model and followed by SVM. The results demonstrate the utility of machine learning for early dropout prediction, equipping educators with an important resource for intervention to help atrisk students.",https://ieeexplore.ieee.org/stamp/stamp.jsp?arnumber=10961937,Drop out;Support Vector Machine;Naive Bayes;Decision Tree;Logistic Regression;Random Forest;Artificial Neural Network,Support vector machines;Training;Logistic regression;Visual analytics;Artificial neural networks;Prediction algorithms;Bayes methods;Classification algorithms;Decision trees;Random forests,,IEEE Conferences,,Ensino Superior,"Logistic Regression, Decision Tree, Naive Bayes, Support Vector Machine, Random Forest, ANN",Proposta de Solução,Processo
"O foco principal não é a predição de evasão, e sim na construção de uma plataforma a qual coleta informações relevantes dos estudantes. No final, é utilizado o algoritmo de Regressão Logística para realizar a predição de evasão.",A Unified Digital Space for Student Academic Achievement and Dropout Statistics in India,N. Ghodichor; P. Chopde; P. Badge; M. Choudhari; S. Rangari; V. Patil,2025,"This study seeks to address the existing knowledge gap regarding the elements influencing academic performance and dropout rates within the Indian education system. The study presents a proposal for a unified digital space called the ""Interlink Platform for school, higher education, and technical education in India,"" designed to serve students, educators, administrators, and government agencies. The platform is developed to monitor students' academic achievements at various educational stages and to illustrate dropout statistics. This study employed a thorough methodology that combines data analysis techniques with visualization frameworks, utilizing Python libraries including NumPy, Pandas, Matplotlib, and Scikit-Learn. Student academic outcomes were analyzed through linear regression and K-means clustering, while dropout rates were predicted using logistic regression. This study seeks to offer institutions important insights into the elements that lead to dropout rates and to create focused interventions to tackle potential causes of dropout.",https://ieeexplore.ieee.org/stamp/stamp.jsp?arnumber=11070669,Performance Analysis;Interlinked Platform;Dropout Prediction;Educational,Technological innovation;Logistic regression;Education;Linear regression;Government;Libraries;Performance analysis;Proposals;Fifth Industrial Revolution;Monitoring,,IEEE Conferences,,"Ensino Superior, Socioeconômicos",Logistic Regression,Proposta de Solução,Ferramente/Sistema
O foco principal é a predição da evasão universitária fazendo um comparativo entre os modelos (dentre eles Regressão Logística e Redes Neurais),An University Student Dropout Detector Based on Academic Data,B. N. Anh; N. H. Giang; N. Q. Hai; T. N. Minh; N. T. Son; B. D. Chien,2023,"Dropout at university has become a controversial problem in recent years, resulting in severe consequences for students and universities. Our research focuses on predicting early dropout to provide school administrators with warnings about at-risk students. This enables schools to offer appropriate solutions and support. This research explores the influence of academic performance on student dropout. We evaluated the proposed method on a dataset using comprehensive information about students, subjects, and academic performance. By extracting features and grouping them based on similar characteristics, we summarized critical information from the raw database. The problem is divided into two phases: English preparation terms and Main terms, aligning with the university's program structure. However, the data on dropout status is imbalanced, and numerous essential values are missing. To address this, we employed three deep learning models: the convolution-based model (CNN), the graph convolution network-based model (GCN), and the tabular learning model (TabNet). We compared the performance of these deep learning models with traditional machine learning algorithms: logistic regression (LR), support vector classifier (SVC), and light gradient boosting machine (LGBM) with feature selection. Our deep learning models outperformed tree-based algorithms, achieving a balanced accuracy of 72% in the English preparation phase and 75% in primary terms. It is worth noting that TabNet prioritizes recall at the expense of precision, while CNN and GCN models yield more balanced results.",https://ieeexplore.ieee.org/stamp/stamp.jsp?arnumber=10212223,Dropout prediction;Academic performance;Deep learning;Machine learning;Imbalance;convolutional network;Graph Convolution network;Tabular learning;Logistic regression;Feature selection,Deep learning;Training;Machine learning algorithms;Databases;Convolution;Support vector machine classification;Predictive models,2,IEEE Conferences,,"Ensino Superior, Socioeconômicos",Neural Network,Avaliação,Modelo
1,Analysing Imbalanced Dataset for Postgraduate Student Dropout Using Predictive Analytics,M. A. Bin Mohd Rosly; S. Zainudin; J. M. Kassim,2023,"Higher educational institutions face problems with increasing student dropout rates. Past research proposed multiple approaches, such as data mining, to solve this issue. However, the prediction model's ability to determine university students' dropout rate is still in its infancy. We explored various feature selection strategies (filter, wrapper and embedded) on postgraduate studies data from a public university. The dataset is imbalanced, and most of the class is students who finished their studies. The minority class is for students who have not completed their studies. The study applied an oversampling method named SMOTE on the imbalanced data in training to enable the classification algorithm to learn from a balanced dataset, thus minimising overfitting. Five supervised algorithms, Decision Tree, Random Forest, Naive Bayes, Multi-Layer Perceptron and Logistic Regression, were evaluated for the predictive model. The result shows that Random Forest is the best classification algorithm for the dataset. Random Forest produces the highest accuracy value of 100% when using the filter and embedded method and 99.878% when using the wrapper method when using test data.",https://ieeexplore.ieee.org/stamp/stamp.jsp?arnumber=10346226,classification;CRISP-DM;data mining;feature selection;imbalanced data,Training;Representation learning;Logistic regression;Machine learning algorithms;Predictive models;Feature extraction;Classification algorithms,,IEEE Conferences,,Ensino Superior,"Decision Tree, Random Forest, Naive Bayes, Logistic Regression, Neural Network",Avaliação,Modelo
O foco principal é a predição da evasão universitária utilizando o algoritmo de Regressão Logística,Application of Logistic Regression Technique for Predicting Student Dropout,B. Ujkani; D. Minkovska; L. Stoyanova,2022,"Student dropout in higher education is a complex issue and as a process it includes many factors which may affect each other. This paper explores the use and application of a probabilistic supervised machine learning technique for predicting university student dropout to obtain insights on the students at risk and prevent them from dropping out the studies. Data from a public university in the Republic of Kosovo were obtained and examined. The dataset comprises instances of students' dropouts for the past six academic years along with their demographics, grades, enrollment details etc. Logistic Regression, as one of the most widely used Machine Learning and Artificial Intelligence algorithms, was used to build the model and produce the predictions. First, a statistical analysis was conducted and after the data preprocessing, logistic regression classifier was implemented. The results show that a high prediction accuracy was reached, with a percentage of 90%, and a F1 score of 0.85, indicating that the model is performing great and the predictions results are reliable.",https://ieeexplore.ieee.org/stamp/stamp.jsp?arnumber=9920280,student dropout;higher education;machine learning;logistic regression;numpy;scikit-learn,Machine learning algorithms;Statistical analysis;Urban areas;Machine learning;Predictive models;Probabilistic logic;Prediction algorithms,7,IEEE Conferences,,"Ensino Superior, Socioeconômicos",Logistic Regression,Avaliação,Modelo
O foco principal é a predição da evasão universitária fazendo um comparativo entre os modelos (dentre eles Regressão Logística),Applying Data Mining Techniques to Predict Student Dropout: A Case Study,B. Perez; C. Castellanos; D. Correal,2018,"The prevention of students dropping out is considered very important in many educational institutions. In this paper we describe the results of an educational data analytics case study focused on detection of dropout of System Engineering (SE) undergraduate students after 7 years of enrollment in a Colombian university. Original data is extended and enriched using a feature engineering process. Our experimental results showed that simple algorithms achieve reliable levels of accuracy to identify predictors of dropout. Decision Trees, Logistic Regression and Näıve Bayes results were compared in order to propose the best option. Also, Watson Analytics is evaluated to establish the usability of the service for a non expert user. Main results are presented in order to decrease the dropout rate by identifying potential causes. In addition, we present some findings related to data quality to improve the students data collection process.",https://ieeexplore.ieee.org/stamp/stamp.jsp?arnumber=8484847,Student drop out;student desertion prediction;educational data mining;prediction models,Data mining;Correlation;PROM;Systems engineering and theory;Decision trees;Education;Principal component analysis,30,IEEE Conferences,,"Ensino Superior, Socioeconômicos","Decision Tree, Naive Bayes, Logistic Regression",Avaliação,Modelo
2,Comparative Analysis of Prediction Techniques to Determine Student Dropout: Logistic Regression vs Decision Trees,A. Pérez; E. E. Grandón; M. Caniupán; G. Vargas,2018,"Currently, the detection of students who may drop out from an academic program is a relevant issue for universities, so there are efforts to examine the variables that determine students' drop out. Drop out is defined in different ways, however, all the studies converge in that for a student to drop out a course of study, some variables must be combined. This study presents a comparison of performance indicators of the current drop out model of the Universidad del Bío-Bío (UBB), which is based on logistic regression technique and it is compared with a new model based on decision trees. The new model is obtained through data mining methodologies and it was implemented through the SAP Predictive Analytics tool. To train, validate, and apply the model, real data from the UBB databases were used. The comparison shows that the prediction of student́ drop out of the proposed model obtains an accuracy of 86%, a precision of 97% with an error rate of 14%, better indicators than the current values delivered by the model based on logistic regression. Subsequently, the prediction model obtained was optimized considering other variables, improving even more the prediction indicators. Higher education institutions should take into account the variables that explain the most the phenomenon of student́s drop out to improve the retention of their students.",https://ieeexplore.ieee.org/stamp/stamp.jsp?arnumber=8705262,Student Dropout;Data Mining;SAP;Predictive Analytics;Logistic Regression;Decision Trees,Predictive models;Logistics;Regression tree analysis;Data models;Data mining;Software,3,IEEE Conferences,,"Ensino Médio, Socioeconômicos",Decision Tree,Avaliação,Modelo
1,Comparative Study of Algorithms to Predict the Desertion in the Students at the ITSM-Mexico,A. G. Hernandez Gonzalez; R. A. Melendez Armenta; L. A. Morales Rosales; A. Garcia Barrientos; J. L. Tecpanecatl Xihuitl; I. Algredo,2016,"In this paper, a comparative study of predicting student dropout risks at the ITSM-Mexico (Instituto Tecnologico Superior de Misantla-Mexico) using SQL server is presented. This system uses the personal and academic information from the students at the ITSM. The comparative study is using four algorithms: logistic regression, clustering, decision trees and neuronal network, these take account the information in the database of the control school system of the institute. The results show that the logistic regression algorithm has a good agreement with experimental results.",https://ieeexplore.ieee.org/stamp/stamp.jsp?arnumber=7795831,Algorithms;clustering;decision trees;logistic regression;neuronal network,Servers;Predictive models;Silicon compounds;Logistics;IEEE transactions;Prediction algorithms;Clustering algorithms,8,IEEE Journals,,"Ensino Superior, Socioeconômicos","Logistic Regression, Decision Tree, Neural Network",Avaliação,Modelo
2,Comparison of Machine Learning Methods for Early Detection of Student Dropouts,E. S. Karabacak; Y. Yaslan,2023,"One of the major issues in Educational Artificial Intelligence is detecting university student dropouts. Student dropout prediction is a growing research area since dropouts have financial, social, and national consequences. To deal with this issue, we examined the performance of ten machine learning algorithms with different feature sets in predicting university student dropout. Used algorithms are: Decision Trees, K-Nearest Neighbors, Naïve Bayes, Logistic Regression, Stacking Classifier, Adaboost, XGBoost, Random Forest, Support Vector Machines, and Multi Layer Perceptrons. The Synthetic Minority Oversampling Technique (SMOTE) balancing algorithm is used in the training process, to balance training data since the used dataset has an imbalanced nature. On the student dataset from Tecnologico de Monterrey in Mexico, we obtained 92 % accuracy on the XGBoost algorithm with a sub-feature set. We showed that the selected data features are as important as the selected method. Considering different performance metrics other than accuracy for imbalanced data is important. Having economic and historical score data increases accuracy. We also have seen that XGBoost and Random Forrest algorithms were the best for this task.",https://ieeexplore.ieee.org/stamp/stamp.jsp?arnumber=10286747,machine learning;university dropout;student dropout prediction;educational data mining,Support vector machines;Measurement;Machine learning algorithms;Computational modeling;Biological system modeling;Stacking;Prediction algorithms,2,IEEE Conferences,,"Ensino Superior, Socioeconômicos","Decision Tree, KNN, Naive Bayes, Logistic Regression, XGBoost, Random Forest, Support Vector Machine, Multi Layer Perceptrons",Avaliação,Processo
1,"Comparison of Neural Network with Gradient Boosted Trees, Random Forest, Logistic Regression and SVM in predicting student achievement",M. Domladovac,2021,"Student success is paramount at all levels of education, especially for universities. Improving the success and quality of enrolled students is one of the most important concerns. It is important to observe the initial symptoms of students at risk and implement earlier preventive measures to determine the cause of the student dropout rate. In this research, we will use data mining techniques to identify the factors that affect student success. We will use the data consisting of log data and grades from students from a course at the University of Zagreb, Faculty of Organization and Informatics in Croatia. We will use the data that consists of log data and grades of students from a course at the University of Zagreb, Faculty of Organization and Informatics in Croatia. In this study, machine learning methods are used to evaluate the performance of deep learning compared to traditional machine learning methods in the task of binary classification of whether a student fails or passes the exam. The results show that the deep neural network has a very good performance, the second-best, and with the optimizations, there are many opportunities for even better generalization.",https://ieeexplore.ieee.org/stamp/stamp.jsp?arnumber=9596684,deep learning;machine learning;student performance prediction;moodle;classification,Deep learning;Support vector machines;Neural networks;Organizations;Informatics;Task analysis;Regression tree analysis,2,IEEE Conferences,,Ensino Superior,"Neural Network, XGBoost, Logistic Regression, Random Forest, Support Vector Machine",Avaliação,Modelo
2,Comparison of Resampling Techniques for Imbalanced Datasets in Student Dropout Prediction,S. W. Masood; S. A. Begum,2022,"One of the challenges in the Student Dropout Prediction (SDP) problem is imbalanced data, which reduces the efficiency of the Machine Learning (ML) classifier when predicting dropout students. The disproportionate distribution of samples between the majority class (more samples) and the minority class (fewer samples) causes the class imbalance problem, which is a significant challenge in classification problems. When a dataset is highly imbalanced, the ML classifiers give high accuracy as they learn mostly from the majority class. Hence, the accuracy may not always give correct insight about the trained model. In this paper, the findings of the study of several resampling techniques for handling imbalanced data at the data preprocessing level are presented. The Machine learning algorithms, viz. Logistic Regression and Support Vector Machine (SVM), over different performance evaluation metrics for binary classification problems, have been used in the present study to predict the minority class. It is found that the Area Under Curve (AUC) score gives the most reliable result amongst the other considered metrics for predicting the minority class, i.e., the dropout rate of the students.",https://ieeexplore.ieee.org/stamp/stamp.jsp?arnumber=10028915,Student Dropout Prediction;Machine learning;Classification;Data Imbalance;Resampling;Evaluation metrics,Support vector machines;Performance evaluation;Machine learning algorithms;Data preprocessing;Machine learning;Data models;Reliability,3,IEEE Conferences,,"Ensino Médio, Socioeconômicos","Logistic Regression, Support Vector Machine",Avaliação,Modelo
O foco principal é a predição da evasão universitária fazendo um comparativo entre os modelos (dentre eles Regressão Logística),Dropout Prediction of University Students in Bangladesh using Machine Learning,T. Akter; U. Ayman; N. R. Chakraborty; D. A. Islam; A. Mazumder; M. H. I. Bijoy,2024,"A significant concern in universities is student dropout, which reflects the institution's quality and affects its reputation and the students' future careers. High dropout rates can directly impact a private university's budget, marketing strategy, and sustainability. Therefore, it is crucial to improve the quality of higher education, reduce student dropout rates, and enhance academic planning. Analyzing dropout patterns is essential for effective management. This study aims to predict dropout rates of university student in Bangladesh by using various machine learning techniques. In order to create a machine learning model for forecasting the dropout rate of students, we used seven well-known classifiers: SVM, KNN, XGBoost, Decision Tree, Logistic Regression, Naïve Bayes, and Random Forest. The dataset included around 500 Bangladeshi university students who answered 29 questions. The collection comprises records with different properties. After preprocessing, the data were split into two sets: one for training and the other for testing. The classifiers were subsequently trained and tested. To identify the most suitable classifier for this problem, we thoroughly assessed the performance of all seven classifiers. Our findings indicate that XGBoost and Random Forest have 98.06% accuracy rate which is highly promising for predicting dropout rates. By utilizing machine learning to predict university dropout rates, early intervention, more effective resource allocation, and enhanced student support are made possible, which in turn improves retention rates, academic results and can be useful for developing the education system in the university of Bangladesh.",https://ieeexplore.ieee.org/stamp/stamp.jsp?arnumber=10797033,University students;Machine learning;Dropout prediction;Classifications,Training;Support vector machines;Logistic regression;Predictive models;Nearest neighbor methods;Planning;Resource management;Sustainable development;Random forests;Testing,1,IEEE Conferences,,"Ensino Superior, Socioeconômicos","Support Vector Machine, KNN, Decision Tree, Logistic Regression, Naive Bayes, Random Forest",Avaliação,Processo
O foco principal é a predição da evasão universitária fazendo um comparativo entre os modelos (dentre eles Regressão Logística).,Dropout Prediction of University Students in Bangladesh using Machine Learning Technique,M. S. Mojumder Anik; S. Israt Zerin; U. Ayman; M. A. Muntakim; M. Atif Asif Khan Akash; M. H. Imam Bijoy,2025,"Nowadays, among Bangladesh's educational institutions, the number of university students dropping out is high. A high dropout rate is a problem that presents many negative consequences. It is an academic issue for university students, is a significant risk to local communities and countries and also carries an unfavorable economic impact. Dropout occurrences typically stem from either academic or personal factors. This study aims to find out the factor behind the high rate of semester dropout in Bangladesh as well as predict the precarious zone for dropout so that the massive rate of dropout can be stopped and to develop methodologies for detecting individuals who may be inclined to stop their academic pursuits. For effective dropout prediction, 301 data have gathered by surveying data by using google survey form keeping 25 questions from various universities in Bangladesh. For effective dropout prediction, several preprocessing techniques have been applied on collected data as well as KNN, Logistic Regression, Random Forest, XGBoost, LightGBM, AdaBoost, Bagging and SVM were applied on the preprocessed data. Among the models SVM and LightGBM performed better than all other working classifiers attaining 96% and 95% accuracy. Application of these studies supports University authorities in identifying early dropouts, refining academic policies to prevent dropouts and also enhancing student engagement, improving long-term institutional planning and resource optimization in universities.",https://ieeexplore.ieee.org/stamp/stamp.jsp?arnumber=11012934,Machine Learning;Dropout;prediction;feature selection,Support vector machines;Surveys;Logistic regression;Refining;Nearest neighbor methods;Feature extraction;Planning;Internet;Random forests;Optimization,,IEEE Conferences,,"Ensino Superior, Socioeconômicos","Support Vector Machine, KNN, XGBoost, Decision Tree, Logistic Regression, Naive Bayes, Random Forest, LightGBM",Avaliação,Processo
Identifica fatores que contribuem para evasão escolar utilizando Regressão Logística,Identifying Factors Contributing to University Dropout with Sparse Logistic Regression,G. Hori,2018,"Prediction and prevention of dropout are main challenges of institutional research (IR) in universities nowadays. If we can identify factors significantly contributing to dropout by statistical inference, then it is helpful for developing strategies for dropout prevention. The main problem in identifying such significant factors is that available data contain much more candidate factors than the students. Most of conventional statistical methods do not work well unless the number of data is much more than the number of parameters to be estimated, which means that we cannot apply such methods in identifying factors contributing to dropout. To circumvent the situation, we propose to use sparse logistic regression for identifying factors contributing to dropout based on data with a large number of candidate factors. Sparse logistic regression is a method that can analyze such data reliably by pruning factors that do not contribute to the analysis. To demonstrate how sparse logistic regression identifies factors contributing to dropout, we applied the method to actual university credit data of 410 students for 302 courses and identified 18 courses that significantly contribute to dropout. The contributions of the identified courses to dropout are interpreted.",https://ieeexplore.ieee.org/stamp/stamp.jsp?arnumber=8693424,"dropout,-sparse-logistic-regression",Logistics;Art;Training data;Bayes methods;Machine learning;Reliability;Regression analysis,5,IEEE Conferences,,Ensino Superior,"Baysian Networks, Logistic Regression",Proposta de Solução,Processo
2,Model for Prediction of Student Dropout in a Computer Science Course,A. G. Costa; J. C. B. Mattos; T. T. Primo; C. Cechinel; R. Muñoz,2021,"This work presents a model that can predict the student’s risk of dropout using data from the first three semesters attended by Computer Science Undergraduate students. Nowadays, Educational Management Systems store a large amount of data from the interaction of not only students and professors but also of students and the educational environment. Analyze and find patterns manually from a huge amount of data is hard, so Educational Data Mining (EDM) is widely used. This work uses the CRISP-DM methodology and data from Computer Science Undergraduate students from Federal University of Pelotas, Brazil. The results are shown for three algorithms: the Decision Tree algorithm presents a precision of 84.80%, a Recall of 85.80% and an AUC of 77.24%; the Random Forest algorithm presents a precision of 88.57%, a Recall of 90.14% and an AUC of 83.22%; the Logistic Regression algorithm presents a precision of 71.24%, a Recall of 94.28% and an AUC of 58.39%. The results indicate that it is possible to use a prediction model using only the data from the first three semesters of the course.",https://ieeexplore.ieee.org/stamp/stamp.jsp?arnumber=9725190,educational data mining;learning analytics;prediction techniques,Computer science;Analytical models;Computational modeling;Predictive models;Prediction algorithms;Data models;Data mining,2,IEEE Conferences,,"Ensino Superior, Socioeconômicos","Decision Tree, Random Forest, Logistic Regression",Avaliação,Modelo
"O foco principal não é na evasão, e sim na previsão de nota/performance. Ainda sim, aborda um comparativo entre Redes Neurais e Regressão Logística",Neural Network and Linear Regression methods for prediction of students' academic achievement,P. Mohd Arsad; N. Buniyamin; J. -l. Ab Manan,2014,Prediction of students' academic performance is very crucial to any university management to reduce the rate of attrition among students upon graduation. This paper describes a Neural Network (NN) Prediction model that is used to predict the academic performance of students. The outcomes of this model are then compared to results using Linear Regression (LR). This paper presents a comparison study between the effects of fundamental subjects and English courses on the overall final performance of students. The study was carried out at Universiti Teknologi Mara (UiTM) Malaysia. Grade Points (GP) of students' fundamental subjects results were used as independent variables or input predictor variables while CGPA in the final semester that is at semester eight is used as the output or the dependent variable. Performances of the models were measured using the coefficient of Correlation R and that of Mean Square Error (MSE). The outcomes of the study from both models indicate a strong correlation between fundamental results for core subjects with the final CGPA. English courses had little effects on the final CGPA.,https://ieeexplore.ieee.org/stamp/stamp.jsp?arnumber=6826206,Prediction;Engineering fundamentals;academic achievement;ANN;LR;English,Artificial neural networks;Data models;Predictive models;Correlation;Educational institutions;Training;Linear regression,16,IEEE Conferences,,Ensino Superior,Neural Network,Avaliação,Modelo
O foco principal é a predição da evasão universitária fazendo um comparativo entre os modelos (dentre eles Regressão Logística e Redes Neurais),Perspectives to Predict Dropout in University Students with Machine Learning,M. Solis; T. Moreira; R. Gonzalez; T. Fernandez; M. Hernandez,2018,"This study analyzes the performance of four machine learning algorithms with different perspectives for defining data files, in the prediction of university student desertion. The algorithms used were: Random Forest, Neural Networks, Support Vector Machines and Logistic Regression. It was found that the Random Forest algorithm with 10 variables randomly sampled as candidates in each division, was the best for predicting dropouts and that the ideal perspective for training the algorithm is to use information on all semesters that students take within a given period of time, using a classification variable that defines the non-dropout as the graduated student. In a first validation sample, this approach correctly predicted 91% of dropouts, with a sensitivity of 87%.",https://ieeexplore.ieee.org/stamp/stamp.jsp?arnumber=8464191,Dropout;university students;machine learning,Prediction algorithms;Support vector machines;Machine learning algorithms;Forestry;Sensitivity;Training;Artificial neural networks,30,IEEE Conferences,,"Socioeconômicos, Ensino Superior","Random Forest, Support Vector Machine, Neural Network, Logistic Regression",Avaliação,Modelo
O foco principal é a predição da evasão universitária fazendo um comparativo entre os modelos (dentre eles Regressão Logística),Predicting College Dropout Rates using Machine Learning: A Student Success Initiative,P. Karpagalakshmi; S. R. Dhanashree; M. A. Wahidh; A. Rajesh,2024,"A student who departs from a college without completing a mandatory credit course is referred to as a “dropout”. College dropout rates are a major global problem, with over 40% of students abandoning their studies before completing their degrees. This can have an impact on an individual's life and well-being of society. Machine learning has the potential to reduce college dropout rates by predicting which students are at risk of dropping out and providing them with early intervention support. We have identified and framed the features of the dataset into Academic, Demographic and Socioeconomic features and the ensembled output from these modules have been combined to predict the final dropout. We have used SVM model to train, evaluate and predict the dropout rates with 91.61% of accuracy.",https://ieeexplore.ieee.org/stamp/stamp.jsp?arnumber=10560384,machine learning;student dropout prediction;student success initiative;global,Support vector machines;Surveys;Measurement;Logistic regression;Shape;Decision making;Predictive models,1,IEEE Conferences,,"Ensino Superior, Socioeconômicos","Logistic Regression, Support Vector Machine",Avaliação,Modelo
O foco principal é a predição da evasão universitária fazendo um comparativo entre os modelos (dentre eles Regressão Logística),Predicting Student Attrition: A Case Study of the University of Namibia Bachelor of Accounting (Chartered Accountancy) Programme,S. N. Nakale; L. M. Amugongo,2023,"Understanding the reasons behind student attrition is essential to developing retention strategies. In this study, we developed models to predict student attrition for the Chartered Accountancy programme at the University of Namibia (UNAM). Three hundred and eighty-nine records of accounting students were collected from the UNAM student database. We applied five classification machine learning algorithms: logistic regression (LR), support vector machines (SVM), k-nearest neighbors (k-NN), decision trees (DT) and Gaussian Naive Bayes (GNB) to identify patterns in student attrition. After, accuracy, specificity, sensitivity, F-measure and Area Under Curve were computed to measure the performance of each model. Finally, Shapley additive explanations (SHAP) was used to determine how variables influenced model prediction. The LR, k-NN, DT, SVM and GNB achieved an accuracy of 80.3%, 73.8%, 82%, 80.3% and 77%, respectively. Overall, the DT classifier performed the best at predicting student attrition. We found that academic performance in year 1 core modules: financial accounting A and financial accounting B were the most important features, on average contributing the most to the predicted probability of dropping out. We have demonstrated that it is feasible to predict students who are likely to abandon their studies while in their first year. The major difference between our study and previous studies is that we do not focus on traditional studied areas (science, technology, engineering and mathematics). In this study, we developed predictive models to identify student attrition in the bachelor of accounting program in a Namibian university.",https://ieeexplore.ieee.org/stamp/stamp.jsp?arnumber=10284930,accounting students;student attrition;machine learning;prediction;retention,Support vector machines;Logistic regression;Sensitivity;Machine learning algorithms;Computational modeling;Gaussian processes;Predictive models,,IEEE Conferences,,"Ensino Médio, Ensino Superior, Socioeconômicos",Logistic Regression,Avaliação,Modelo
O foco principal é a predição da evasão universitária fazendo um comparativo entreo modelos (dentre eles Regressão Logística),Predicting Student Dropout: A Machine Learning Approach,S. Deb; M. S. R. Sammy; A. N. Tusher; M. R. S. Sakib; M. F. Hasan; A. I. Aunik,2024,"Student dropout is a pervasive problem in the education system, with a significant number of students failing to complete their studies due to various reasons such as academic difficulties, financial issues, personal problems, and more. Dropout not only affects the student’s academic and career prospects but also has significant financial and social costs for educational institutions and society. Identifying at-risk students and providing targeted interventions to prevent dropout has been a longstanding goal of educational researchers and practitioners. In recent years, machine Learning algorithms have emerged as a promising method for predicting student attrition and pinpointing the primary elements that contribute to it. Predicting student attrition and pinpointing the primary elements that contribute to it. This research paper offers an extensive investigation of the application of machine-learning algorithms-in-predicting student attrition. The study is based on dataset of student’s academic and demographic information collected from a major university in the Bangladesh. The dataset comprises information on over 400 students who enrolled in the university between 2015 and 2020, including their academic records, demographic characteristics, and enrollment history. Analyze datasets utilizing a variety of machine learning approaches such as support vector machines, random forests, logistic regression etc. Evaluate the performance of these algorithms using metrics such as accuracy, precision, recall, and F1 score. Our study finds that machine learning algorithms can effectively predict student dropout with high accuracy, precision, and recall. The best-performing algorithm is Random Forest with a precision of 0.78, recall of 0.78, and $F 1$-score of 0.78. Logistic regression and KNN algorithms also perform reasonably well, with a precision of 0.75 and 0.76, respectively.",https://ieeexplore.ieee.org/stamp/stamp.jsp?arnumber=10726161,Dropout University Students;Machine Learning Algorithms;Education System,Support vector machines;Measurement;Logistic regression;Machine learning algorithms;Accuracy;Predictive models;Nearest neighbor methods;Prediction algorithms;History;Random forests,3,IEEE Conferences,,"Ensino Médio, Socioeconômicos","Logistic Regression, Decision Tree, Random Forest, Support Vector Machine, KNN, Naive Bayes",Avaliação,Processo
1,Predicting Student Retention in Higher Education Using Data Mining Techniques: A Literature Review,W. M. Attiya; M. B. Shams,2023,"Many students drop out of higher education (HE) within the first year of enrollment, directly impacting academic achievement, student satisfaction, and the overall quality of the educational experience. Thus, improving student retention has become a top research priority in many HE institutions. This study aims to clarify the knowledge gap between the most effective data mining technique and the most influential factors that affect student retention. Several methods have been used to predict student retention, such as data analytics and machine learning (ML) techniques. The study reviewed and evaluated 10 current publications to increase student retention in HE. Moreover, the study examines the factors influencing student retention and the ML methods used. Additionally, the study discussed algorithms proven to work well and the challenges associated with using them. The study shows that the decision tree (DT), random forest (RF), logistic regression (LR), neural network (NN), AdaBoost, XGBoost, and long short-term memory (LSTM) algorithms performed the best out of the investigated algorithms when predicting student retention, with performance rates over 78.1%. The study concludes by discussing the limitations of this study and highlighting suggestions for future research directions that can be applied to increase student retention in HE.",https://ieeexplore.ieee.org/stamp/stamp.jsp?arnumber=10051056,Student retention;Higher Education;Drop out;Data mining techniques;Machine learning,Radio frequency;Schedules;Education;Predictive models;Prediction algorithms;Behavioral sciences;Timing,3,IEEE Conferences,,,"Decision Tree, Random Forest, Logistic Regression, Neural Network, XGBoost",Avaliação,Modelo
"Aborda a previsão de evasão, mas específico para alunos de pedagogia. Utiliza o algortimo de Regressão Logística",Predicting Student-Teachers Dropout Risk and Early Identification: A Four-Step Logistic Regression Approach,H. P. Singh; H. N. Alhulail,2022,"Student-teachers’ dropout is a complicated and serious issue in the learning process, with its attendant negative implications on students, academic institutions, economic resources, and society. This study investigated the composite and relative impact of personal (student), academic and socioeconomic predictive variables on student-teacher dropout. The study improves the early identification of at-risk student-teachers by developing a model that optimizes predictability. We used questionnaires and adopted a four-step logistic regression procedure on a sample of 1723 student-teachers in public teachers training colleges (TTCs) of a least-developed country (LDC). The study confirmed twin academic performance and aspirations factors as the highest predictors of student-teacher attrition. Academic reasons for choosing TTC were significant, as vocational motivation and goals established by student-teachers early in their education help prevent dropout. Contrary to expectations, student-teachers’ cultural values, parents’ level of education, and cost of financing education had no significant impact on dropout decisions. This is most likely due to the Government’s financial support for student-teachers in LDCs and the widespread belief that higher education can improve one’s social and economic status. The findings indicate that early identification and dropout prevention efforts should integrate various support services to foster a healthy learning and retention environment.",https://ieeexplore.ieee.org/stamp/stamp.jsp?arnumber=9676659,Dropout risk;early identification;least-developed economy;logistic regression model;prediction;student-teachers;teacher training colleges,Education;Predictive models;Logistics;Training;Developing countries;Costs;Analytical models,30,IEEE Journals,,"Ensino Superior, Socioeconômicos",Logistic Regression,Avaliação,Modelo
O foco principal é a predição da evasão universitária fazendo um comparativo entre os modelos (dentre eles Regressão Logística),Predicting Students' Academic Success using Machine Learning Algorithms,T. Nema; S. Palwe,2023,"This research attempts to predict the academic success of a student using Machine Learning algorithms and a thorough strategy that takes into account a variety of variables that affect students' results. The study examines a large dataset that contains information on the socioeconomic situation, involvement, and academic success of the students. To create predictive models that is able to find out the student who is at an academic risk of quitting and offer timely interventions to enhance their academic performance and prevent dropout, machine learning methods like Classifier based on Random Forest, Classifier Based on Decision Trees, Classifier using Logistic Regression, Voting based Classifier, and others will be used. To enhance students' achievement and raise the standard of education, policy decisions and resource allocation can be made using the knowledge gathered from the analysis.",https://ieeexplore.ieee.org/stamp/stamp.jsp?arnumber=10392079,Machine Learning;Academic Success;Random Forest;Voting Classifier,Logistic regression;Machine learning algorithms;Recurrent neural networks;Education;Time series analysis;Predictive models;Resource management,1,IEEE Conferences,,"Ensino Superior, Socioeconômicos","Decision Tree, Logistic Regression, Random Forest",Proposta de Solução,Modelo
2,Predicting Students’ Drop-Out Rate Using Machine Learning Models: A Comparative Study,M. Sharma; M. Yadav,2022,"One of the major challenges facing Private Higher Educational Institutes in India is to reduce drop-out rate of first year students. The problem has got exacerbated post-covid specially for Engineering and management discipline. This research is an empirical study on efficiency and accuracy of various Machine Learning (ML) Prediction algorithms to predict the drop-out rate of students based on dataset available on predictors such as Family size, Study time, Time spent on extra- curricular activities, Time spent on Internet, Health, Absenteeism etc. A comparison of the performance of the ML models based on ‘Accuracy’ and ‘F1 score’ (to cater for variations in costs of false positives and false negatives) has been made to identify the best algorithm for given problem. This would help HEIs to identify potential drop-out students beforehand and take course correction measures thus improving retention. The study is conducted for B.Tech First year students with a sample size of 395 students using Logistic regression and K-NN algorithms. This preliminary work could be extended using other ML models such as; Support Vector Machine (SVM), Naïve Bayes, Decision Tree etc. or a combination of in an ensemble fashion in future.",https://ieeexplore.ieee.org/stamp/stamp.jsp?arnumber=9917841,Academic Performance;Machine Learning;Logistic Regression;KNN;Classifier;gridsearchCV;Confusion Matrix;Prediction,Support vector machines;Machine learning algorithms;Computational modeling;Instruments;Machine learning;Predictive models;Prediction algorithms,4,IEEE Conferences,,"Ensino Superior, Socioeconômicos","Logistic Regression, KNN",Avaliação,Modelo
2,Predicting the probability of student's degree completion by using different data mining techniques,R. Ahuja; Y. Kankane,2017,"In this paper, we are predicting the graduation degree completion probability of students at JIIT University, on the basis of his/her previous academic results with subsequent intermediate college results along with various non-academic factors. For this purpose, various educational data mining techniques have been used such as Naive Bayes, Decision Tree, KNN and Logistic Regression. The implementation of these algorithms is done in R language. The comparison of their accuracy is done to find the most accurate predictions. Graphs are also used for illustrative comparison, along with numerical values such as Accuracy and Precision.",https://ieeexplore.ieee.org/stamp/stamp.jsp?arnumber=8313763,accuracy;balanced accuracy;dropout;Educational data mining;prediction,Prediction algorithms;Classification algorithms;Data mining;Decision trees;Training;Partitioning algorithms;Logistics,5,IEEE Conferences,,"Ensino Médio, Ensino Superior, Socioeconômicos","Naive Bayes, Decision Tree, Random Forest, Logistic Regression, KNN",Avaliação,Modelo
O foco principal é a predição da evasão universitária fazendo um comparativo entre os modelos (dentre eles Regressão Logística e Redes Neurais artificiais),Prediction of Student’s Dropout from a University Program,N. Shynarbek; A. Orynbassar; Y. Sapazhanov; S. Kadyrov,2021,"We consider the prediction of possible student dropouts from an undergraduate Computer Science program in a higher educational institution. To this end, we collect our own data from the students who started their degree in years 2016 and 2017. After preprocessing and cleaning we are left with 366 participants. To predict graduations and dropouts from the program, four different binary classifiers, namely, Naive Bayes, Support Vector Machine, Logistic Regression, and Artificial Neural Network models were considered. The average performances of the four are reported to be 96%, 89%, 88%, and 95%, respectively. The studies of the similar kind are very useful in terms of advising the Computer Science majoring students how their performances to the date determine their graduation probabilities.",https://ieeexplore.ieee.org/stamp/stamp.jsp?arnumber=9663763,Binary classification;Logistic Regression;Naive Bayes;SVM;ANN;Program dropouts,Support vector machines;Computer science;Computational modeling;Artificial neural networks;Predictive models;Cleaning;Logistics,11,IEEE Conferences,,Ensino Superior,"Naive Bayes, Support Vector Machine, Logistic Regression, ANN",Avaliação,Modelo
2,Predictive Analysis on University Dropout Rate of Bangladesh in Covid-19,M. Hossain; S. B. M. Shamim Azad; M. L. Hossen; S. I. Khan; A. K. M. Masum,2022,"The hard times of COVID 19 have shown mankind some harsh reality. Numerous sectors including education have been terribly victimized by the grasp of the pandemic. Schools, colleges, and universities were closed down for enumerable days and the students were detached from their studies. The dropout rate from university for the students owing to financial and circumstantial facts has been a vital concern. In our research, we conduct an effective study on the dropout rate of university students. We try to find out the inherent reasons for their dropout and try to come up with an effective solution. By an online survey, we have collected data from 422 Bangladeshi undergraduate students. After training and testing the dataset with several popular algorithms such as SVM, Logistic regression, Random Forest, Decision Tree, etc., the best methods for predicting dropout among Bangladeshi undergraduates were discovered.",https://ieeexplore.ieee.org/stamp/stamp.jsp?arnumber=9775898,Online Education;Machine Learning;COVID-19;Dropout Prediction,COVID-19;Training;Support vector machines;Technological innovation;Pandemics;Prediction algorithms;Predictive analytics,2,IEEE Conferences,,"Ensino Médio, Ensino Superior, Socioeconômicos","Support Vector Machine, Logistic Regression, Random Forest, Decision Tree, KNN, Naive Bayes",Avaliação,Modelo
O foco principal é a predição da evasão universitária fazendo um comparativo entre os modelos (dentre eles Regressão Logística e Redes Neurais),Predictive Modeling of Student Behavior for Early Dropout Detection in Universities using Machine Learning Techniques,A. Prasanth; H. Alqahtani,2023,"In universities, student dropout is a significant concern as it adversely affects both the students and the educational institutions. Identifying students who are at risk of dropping out early allows for timely interventions and support systems to be implemented, thereby enhancing student retention rates. This study focuses on applying machine learning techniques to analyze student behavior and predict early dropout in university settings. The objective of this research is to develop a machine learning-based predictive model that utilizes student behavioral data to identify potential indicators of early dropout. Various aspects of student behavior, including academic performance, engagement, course participation, and campus involvement, are considered as input features for the predictive model. By analyzing these behavioral patterns, the model aims to accurately predict which students are at higher risk of dropping out in the early stages of their university journey. A comprehensive dataset is collected, encompassing demographic information, academic records, extracurricular activities, and other relevant variables. To extract useful features from the dataset, feature engineering approaches are employed, which are then used as inputs for the machine learning algorithms. Various algorithms, such as support vector machines, feed forward neural networks, random forest, logistic regression, gradient boosting, KNN and ensemble methods are implemented and evaluated to determine the most effective approach for early dropout prediction. The findings of this study have substantial implications for higher education since they provide new understanding of the relationships between student academic behavior and the risk of dropping out. The suggested predictive model provides institutions with a useful tool to proactively identify students who may be at danger of early dropout, enabling the implementation of tailored interventions and support programs aimed at improving student retention and overall academic accomplishment.",https://ieeexplore.ieee.org/stamp/stamp.jsp?arnumber=10346531,Student behavior analysis;early dropout prediction;machine learning;higher education;student retention;university settings,Support vector machines;Machine learning algorithms;Education;Stacking;Predictive models;Feature extraction;Behavioral sciences,9,IEEE Conferences,,"Ensino Superior, Socioeconômicos","Logistic Regression, KNN",Avaliação,Modelo
O foco principal é a predição da evasão universitária fazendo um comparativo entre os modelos (dentre eles Regressão Logística e Redes Neurais),Smart Retention: AI-Driven Approaches for Predicting Student Dropouts in Higher Education in Bangladesh,C. M. Mehedi; F. Akther; M. A. Rahman; T. R. Siam; A. -M. B. Alvi; S. D. Gupta,2025,"Student dropout refers to students leaving their academic pursuits prematurely, which negatively impacts educational outcomes and resource utilization. In Bangladesh, this challenge is particularly vital due to the rapid expansion of access to higher education, leading to high dropout rates that hinder individual progress and the overall quality of education. To address this issue, we apply machine learning and deep learning techniques to predict and mitigate student dropouts in Bangladeshi higher education institutions. These models analyze diverse student data, including demographics, educational, and socioeconomic factors. We generated a data set through an online survey, collecting 3119 instances, which was then preprocessed using techniques such as handling null values, removing duplicate values, label encoding, and over sampling. The dataset was split into 2414 training samples and 603 test samples. Various algorithms were utilized for this task, including Decision Tree, XGBoost, Logistic Regression, K-Nearest Neighbors (KNN), Bernoulli Naive Bayes, LightGBM, Artificial Neural Networks (ANNs), and Bidirectional Long Short-Term Memory (BiLSTM). The models achieved impressive results, after training and evaluation, with Random Forest achieving an accuracy of 97.35% and a deep learning model, CNN, achieving 95.2% accuracy. These results show the potential of ML and DL in predicting student dropout and offer insights to further enhance student retention.",https://ieeexplore.ieee.org/stamp/stamp.jsp?arnumber=11013481,Demographics;Socioeconomic factors;Student dropout;Machine Learning;Deep Learning,Deep learning;Training;Surveys;Accuracy;Predictive models;Nearest neighbor methods;Data models;Resource management;Socioeconomics;Random forests,,IEEE Conferences,,"Ensino Superior, Socioeconômicos","Random Forest, Decision Tree, XGBoost, Logistic Regression, LightGBM, KNN, Naive Bayes",Avaliação,Modelo
2,The Role of Machine Learning in Identifying Students At-Risk and Minimizing Failure,R. Z. Pek; S. T. Özyer; T. Elhage; T. ÖZYER; R. Alhajj,2023,"Education is very important for students’ future success. The performance of students can be supported by the extra assignments and projects given by the instructors for students with low performance. However, a major problem is that students at-risk cannot be identified early. This situation is being investigated by various researchers using Machine Learning techniques. Machine learning is used in a variety of areas and has also begun to be used to identify students at-risk early and to provide support by instructors. This research paper discusses the performance results found using Machine learning algorithms to identify at-risk students and minimize student failure. The main purpose of this project is to create a hybrid model using the ensemble stacking method and to predict at-risk students using this model. We used machine learning algorithms such as Naïve Bayes, Random Forest, Decision Tree, K-Nearest Neighbors, Support Vector Machine, AdaBoost Classifier and Logistic Regression in this project. The performance of each machine learning algorithm presented in the project was measured with various metrics. Thus, the hybrid model by combining algorithms that give the best prediction results is presented in this study. The data set containing the demographic and academic information of the students was used to train and test the model. In addition, a web application developed for the effective use of the hybrid model and for obtaining prediction results is presented in the report. In the proposed method, it has been realized that stratified k-fold cross validation and hyperparameter optimization techniques increased the performance of the models. The hybrid ensemble model was tested with a combination of two different datasets to understand the importance of the data features. In first combination, the accuracy of the hybrid model was obtained as 94.8% by using both demographic and academic data. In the second combination, when only academic data was used, the accuracy of the hybrid model increased to 98.4%. This study focuses on predicting the performance of at-risk students early. Thus, teachers will be able to provide extra assistance to students with low performance.",https://ieeexplore.ieee.org/stamp/stamp.jsp?arnumber=10002336,At-risk students;classification;dropout prediction;hybrid model;machine learning techniques;stacking ensemble model;student performance prediction,Predictive models;Data models;Machine learning;Stacking;Machine learning algorithms;Prediction algorithms;Data mining,21,IEEE Journals,,"Ensino Médio, Socioeconômicos","Naive Bayes, Decision Tree, Random Forest, KNN, Support Vector Machine, Logistic Regression",Proposta de Solução,Modelo
O foco principal é a predição da evasão universitária fazendo um comparativo entre os modelos (dentre eles Regressão Logística e Redes Neurais),Unlocking Student Success: Applying Machine Learning for Predicting Student Dropout in Higher Education,M. Pérez; D. Navarrete; M. Baldeon-Calisto; Y. Guerrero; A. Sarmiento,2025,"Student dropout remains a significant challenge for Higher Education Institutions (HEIs), affecting academic planning and student success. This study applies traditional machine learning and deep learning models to predict student dropout in an Ecuadorian HEI using the Cross-Industry Standard Process for Data Mining (CRISP-DM) methodology. A comprehensive analysis of demographic, academic, and economic factors was conducted to develop an effective predictive framework. The evaluated models include Logistic Regression, Support Vector Machine, Random Forest, XGBoost, Feedforward Neural Network, and TabNet. Various configurations were tested, including the application of Principal Component Analysis (PCA) for dimensionality reduction, and the Synthetic Minority Over-sampling Technique (SMOTE) to address class imbalance. Experimental results reveal that PCA and SMOTE are unnecessary. Among the models, Random Forest achieved the highest performance with a 96.62% accuracy, a ROC-AUC of 0.92, and an F1-score of 0.94. Feature importance analysis identified cumulative GP A and the number of semesters completed as the most influential factors for student dropout, followed by failed courses, high school grades, and entrance exam scores. This study emphasizes the importance of model interpretability, allowing HEIs to translate predictive insights into actionable strategies. By informing student retention policies and optimizing recruitment processes, this research contributes to data-driven decision-making in higher education.",https://ieeexplore.ieee.org/stamp/stamp.jsp?arnumber=11012013,Dropout Prediction in Higher Education;Higher Education Institutions;Machine Learning;Deep Learning;NeuralNetworks;TabNet,Deep learning;Support vector machines;Accuracy;Biological system modeling;Education;Decision making;Predictive models;Data models;Random forests;Principal component analysis,,IEEE Conferences,,"Ensino Médio, Ensino Superior, Socioeconômicos","Logistic Regression, Support Vector Machine, Random Forest, XGBoost, Neural Network",Avaliação,Modelo